Workbook

Sheet species_validation_results
A1: Input_Name | B1: Valid_Name
A2: Ablennes hians | B2: Ablennes hians
A3: Abudefduf saxatilis | B3: Abudefduf saxatilis
A4: Acanthistius patachonicus | B4: Acanthistius patachonicus
A5: Acanthochaenus luetkenii | B5: Acanthochaenus luetkenii
A6: Acanthostracion polygonius | B6: Acanthostracion polygonium
A7: Acanthostracion quadricornis | B7: Acanthostracion quadricornis
A8: Acanthurus bahianus | B8: Acanthurus bahianus
A9: Acanthurus chirurgus | B9: Acanthurus chirurgus
A10: Acanthurus coeruleus | B10: Acanthurus coeruleus
A11: Achirus klunzingeri | B11: Achirus klunzingeri
A12: Achirus lineatus | B12: Achirus lineatus
... A897: Zoarces anguillaris | B897: Zoarces americanus

Sheet Trouble_shoot
B1: Troubleshoot species name | C1: output | D1: on answer key | E1: on Eschmeyer | F1: Notes
A2: 1 | B2: Brosmius brosme | C2: Human search | D2: =_xlfn.XLOOKUP(B2, Answer_Key!$A$2:$A$1095, Answer_Key!$C$2:$C$1095, "Not Found", 0) -> Brosmius brosme | E2: Brosme brosme | F2: americanus, Brosmius Gill [T. N.] 1863:242 [Proceedings of the Academy of Natural Sciences of Philadelphia v. 15; ref. 1687] New name for Brosmius vulgaris of Storer (not Fleming). •Synonym of Brosme brosme (Ascanius 1772) -- (Cohen in Cohen et al. 1990:29 [ref. 18936]). Current status: Synonym of Brosme brosme (Ascanius 1772). Lotidae. Habitat: marine. flavescens, Brosmius Lesueur [C. A.] 1819:158, Pl. 16 [Mémoires du Muséum d'Histoire Naturelle, Paris v. 5; ref. 12573] Newfoundland Banks, northwestern Atlantic. No types known. •Synonym of Brosme brosme (Ascanius 1772) -- (Cohen in Cohen et al. 1990:29 [ref. 18936]). Current status: Synonym of Brosme brosme (Ascanius 1772). Lotidae. Habitat: marine. scotica, Brosmius Swainson [W.] 1839:301 [The natural history and classification v. 2; ref. 4303] Based on Pennant 1769, Brit. ZOol. iii.pl. 37 [ref. 18527]. •Synonym of Trisopterus brosme (Ascanius 1772) -- (Svetovidov 1973:311 [ref. 7169]). •Synonym of Brosme brosme (Ascanius 1772) -- (Cohen in Cohen et al. 1990:29 [ref. 18936]). Current status: Synonym of Brosme brosme (Ascanius 1772). Lotidae. Habitat: marine.
A3: 2 | B3: Anchovia helleri | C3: Human search | D3: =_xlfn.XLOOKUP(B3, Answer_Key!$A$2:$A$1095, Answer_Key!$C$2:$C$1095, "Not Found", 0) -> Anchovia helleri | E3: Anchoa helleri | F3: Bad on answer key. Misspelled, returns nothing
A4: 3 | B4: Bairdiella chrysura | C4: Human search | D4: =_xlfn.XLOOKUP(B4, Answer_Key!$A$2:$A$1095, Answer_Key!$C$2:$C$1095, "Not Found", 0) -> Bairdiella chrysura | E4: Bairdiella chrysoura | F4: Bad on answer key. Misspelled, returns nothing
A5: 4 | B5: Coryphaenoides rubestris | C5: Human search | D5: =_xlfn.XLOOKUP(B5, Answer_Key!$A$2:$A$1095, Answer_Key!$C$2:$C$1095, "Not Found", 0) -> Coryphaenoides rubestris | E5: Coryphaenoides rubestris | F5: Bad on answer key. Misspelled, returns nothing
A6: 5 | B6: Cynoscion viriscens | C6: Human search | D6: =_xlfn.XLOOKUP(B6, Answer_Key!$A$2:$A$1095, Answer_Key!$C$2:$C$1095, "Not Found", 0) -> Cynoscion viriscens | E6: Cynoscion virescens | F6: Bad on answer key. Misspelled, returns nothing
A7: 6 | B7: Eumesogrammus subbifurcatus | C7: Human search | D7: =_xlfn.XLOOKUP(B7, Answer_Key!$A$2:$A$1095, Answer_Key!$C$2:$C$1095, "Not Found", 0) -> Eumesogrammus subbifurcatus | E7: Not on Eschmeyer | F7: Bad on answer Key. Unaccepeted name. Ulvaria subbifurcata
A8: 7 | B8: Lactophrys tricornis | C8: Human search | D8: =_xlfn.XLOOKUP(B8, Answer_Key!$A$2:$A$1095, Answer_Key!$C$2:$C$1095, "Not Found", 0) -> Lactophrys tricornis | E8: Not on Eschmeyer | F8: Bad on answer Key. Unaccepted junior synonym. Acanthostracion quadricornis
A9: 8 | B9: Pomolobus aestivalis | C9: Human search | D9: =_xlfn.XLOOKUP(B9, Answer_Key!$A$2:$A$1095, Answer_Key!$C$2:$C$1095, "Not Found", 0) -> Pomolobus aestivalis | E9: Not on Eschmeyer | F9: Bad on answer key. Unaccepted Junior synonym. Returns nothing. Alosa aestivalis
A10: 9 | B10: Pseudorhombus oblongus | C10: Human search | D10: =_xlfn.XLOOKUP(B10, Answer_Key!$A$2:$A$1095, Answer_Key!$C$2:$C$1095, "Not Found", 0) -> Pseudorhombus oblongus | E10: Not on Eschmeyer | F10: Bad on answer key. Junior synonym. Returns nothing. Hippoglossina oblonga
A11: 10 | B11: Galeolamna falciformis | C11: Human search | D11: =_xlfn.XLOOKUP(B11, Answer_Key!$A$2:$A$1095, Answer_Key!$C$2:$C$1095, "Not Found", 0) -> Galeolamna falciformis | E11: Not on Eschmeyer | F11: Bad on answer key. Junior synonym. Returns nothing. Carcharhinus falciformis
A12: 11 | B12: Carcharhinus commersonii | C12: Human search | D12: =_xlfn.XLOOKUP(B12, Answer_Key!$A$2:$A$1095, Answer_Key!$C$2:$C$1095, "Not Found", 0) -> Carcharhinus commersonii | E12: Not on Eschmeyer | F12: Bad on answer Key. Unaccepeted name
A13: 12 | B13: Benthosema mulleri | C13: Human search | D13: =_xlfn.XLOOKUP(B13, Answer_Key!$A$2:$A$1095, Answer_Key!$C$2:$C$1095, "Not Found", 0) -> Benthosema mulleri | E13: Not on Eschmeyer | F13: Bad on answer Key Junior synonym, either Benthosema glaciale or Maurolicus muelleri
... A27: 9 | B27: Echeneis neucratoides | C27: Human search | D27: =_xlfn.XLOOKUP(B27, Answer_Key!$A$2:$A$1095, Answer_Key!$C$2:$C$1095, "Not Found", 0) -> Echeneis neucratoides | E27: Echeneis neucratoides | F27: neucratoides, Echeneis Zuiew [B.] 1789:279, Pl. 6 [Nova Acta Academiae Scientiarum Imperialis Petropolitanae v. 4 (for 1788); ref. 17711] No locality stated [western Atlantic]. Holotype: ZIN uncat. (whereabouts unknown). As Echeneidis nova species in title, but spelled Echeneis Neucratoides in the main heading, and that is the spelling used by current workers. First reviser not researched; we suggest continued use of neucratoides. •Synonym of Echeneis naucrates Linnaeus 1758 -- (Castro-Aguirre et al. 1999:272 [ref. 24550]). •Valid as Echeneis neucratoides Zuiew 1789 (date often given as 1786) -- (Robins & Ray 1986:157 [ref. 23100], Boschung 1992:129 [ref. 23239], Cervigón 1992:308 [ref. 23827], Schmitter-Soto et al. 2000:159 [ref. 27754] as Zuiev, O'Toole 2002:616 [ref. 26411], Collette et al. 2003:109 [ref. 26784], Collette 2003:1417 [ref. 27087], Nelson et al. 2004:139 [ref. 27807], McEachran & Fechhelm 2005:256 [ref. 28815], Springer & Smith-Vaniz 2008:29 [ref. 31826], Gray et al. 2009:190, 195 [ref. 31117] perhaps conspecific with E. naucrates, p. 195, Page et al. 2013:146 [ref. 32708], Robertson et al. 2020:154 [ref. 38098], Parenti 2021:568 [ref. 38651], Bagley et al. 2023:318 [ref. 41241], Carvalho-Filho 2023:135 [ref. 40480], Page et al. 2023:128 [ref. 40505], Fricke et al. 2024:380 [ref. 41622]). Current status: Valid as Echeneis neucratoides Zuiew 1789. Echeneidae. Distribution: Western Atlantic: Massachusetts (U.S.A.) south to Rio Grande do Norte (Brazil), including Gulf of Mexico and Caribbean Sea. IUCN (2017): Data Deficient. Habitat: marine.
E30: Uncertain
E31: No species ID

Sheet Sheet1
B1: Troubleshoot species name | C1: on Eschmeyer | D1: Notes
A2: 1 | B2: Brosmius brosme | C2: Brosme brosme | D2: Junior synonym
A3: 2 | B3: Anchovia helleri | C3: Not on Eschmeyer | D3: Misspelled, returns nothing. Correct name: Anchoa helleri
A4: 3 | B4: Bairdiella chrysura | C4: Not on Eschmeyer | D4: Misspelled, returns nothing. Correct name: Bairdiella chrysoura
A5: 4 | B5: Coryphaenoides rubestris | C5: Not on Eschmeyer | D5: Misspelled, returns nothing. Correct name: Coryphaenoides rupestris
A6: 5 | B6: Cynoscion viriscens | C6: Not on Eschmeyer | D6: Misspelled, returns nothing. Correct name: Cynoscion virescens
A7: 6 | B7: Eumesogrammus subbifurcatus | C7: Not on Eschmeyer | D7: Unaccepeted name. Correct name: Ulvaria subbifurcata
A8: 7 | B8: Lactophrys tricornis | C8: Not on Eschmeyer | D8: Unaccepted junior synonym. Correct name: Acanthostracion quadricornis
A9: 8 | B9: Pomolobus aestivalis | C9: Not on Eschmeyer | D9: Unaccepted Junior synonym. Returns nothing. Correct name: Alosa aestivalis
A10: 9 | B10: Pseudorhombus oblongus | C10: Not on Eschmeyer | D10: Junior synonym. Returns nothing. Correct name: Hippoglossina oblonga
A11: 10 | B11: Galeolamna falciformis | C11: Not on Eschmeyer | D11: Junior synonym. Returns nothing. Correct name: Carcharhinus falciformis
A12: 11 | B12: Carcharhinus commersonii | C12: Not on Eschmeyer | D12: Unaccepeted name. Specimens would need to be examined for identification
A13: 12 | B13: Benthosema mulleri | C13: Not on Eschmeyer | D13: Bad on answer Key Junior synonym, either Benthosema glaciale or Maurolicus muelleri

Sheet Answer_Key
A1: Identification | B1: Status check | C1: Valid as
A2: Ablennes hians | B2: =IF(ISBLANK(C2),"",IF(A2=C2,"valid","synonym")) -> valid | C2: Ablennes hians
A3: Abudefduf saxatilis | B3: =IF(ISBLANK(C3),"",IF(A3=C3,"valid","synonym")) -> valid | C3: Abudefduf saxatilis
A4: Acanthistius patachonicus | B4: =IF(ISBLANK(C4),"",IF(A4=C4,"valid","synonym")) -> valid | C4: Acanthistius patachonicus
A5: Acanthochaenus luetkenii | B5: =IF(ISBLANK(C5),"",IF(A5=C5,"valid","synonym")) -> valid | C5: Acanthochaenus luetkenii
A6: Acanthostracion polygonius | B6: =IF(ISBLANK(C6),"",IF(A6=C6,"valid","synonym")) -> synonym | C6: Acanthostracion polygonium
A7: Acanthostracion quadricornis | B7: =IF(ISBLANK(C7),"",IF(A7=C7,"valid","synonym")) -> valid | C7: Acanthostracion quadricornis
A8: Acanthurus bahianus | B8: =IF(ISBLANK(C8),"",IF(A8=C8,"valid","synonym")) -> valid | C8: Acanthurus bahianus
A9: Acanthurus chirurgus | B9: =IF(ISBLANK(C9),"",IF(A9=C9,"valid","synonym")) -> valid | C9: Acanthurus chirurgus
A10: Acanthurus coeruleus | B10: =IF(ISBLANK(C10),"",IF(A10=C10,"valid","synonym")) -> valid | C10: Acanthurus coeruleus
A11: Achirus klunzingeri | B11: =IF(ISBLANK(C11),"",IF(A11=C11,"valid","synonym")) -> valid | C11: Achirus klunzingeri
A12: Achirus lineatus | B12: =IF(ISBLANK(C12),"",IF(A12=C12,"valid","synonym")) -> valid | C12: Achirus lineatus
A13: Achirus lineatus brachialis | B13: =IF(ISBLANK(C13),"",IF(A13=C13,"valid","synonym")) -> valid | C13: Achirus lineatus brachialis
... A1095: Zoarces anguillaris | B1095: =IF(ISBLANK(C1095),"",IF(A1095=C1095,"valid","synonym")) -> synonym | C1095: Zoarces americanus
